{
  "GetRequest_ListUser_10.1.20.4" : {
    "transaction" : "GetRequest_ListUser_10.1.20.4",
    "sampleCount" : 948,
    "errorCount" : 0,
    "errorPct" : 0.0,
    "meanResTime" : 54.48312236286922,
    "medianResTime" : 50.0,
    "minResTime" : 35.0,
    "maxResTime" : 352.0,
    "pct1ResTime" : 73.0,
    "pct2ResTime" : 85.54999999999995,
    "pct3ResTime" : 133.03999999999996,
    "throughput" : 44.29699546750152,
    "receivedKBytesPerSec" : 88.81630823326013,
    "sentKBytesPerSec" : 5.623642002710154
  },
  "Total" : {
    "transaction" : "Total",
    "sampleCount" : 948,
    "errorCount" : 0,
    "errorPct" : 0.0,
    "meanResTime" : 54.48312236286922,
    "medianResTime" : 50.0,
    "minResTime" : 35.0,
    "maxResTime" : 352.0,
    "pct1ResTime" : 73.0,
    "pct2ResTime" : 85.54999999999995,
    "pct3ResTime" : 133.03999999999996,
    "throughput" : 44.29699546750152,
    "receivedKBytesPerSec" : 88.81630823326013,
    "sentKBytesPerSec" : 5.623642002710154
  }
}